[
{
  "model": "sites.site",
  "pk": 1,
  "fields": {
    "domain": "example.com",
    "name": "example.com"
  }
},
{
  "model": "accounts.user",
  "pk": "5b22bd78-dfc7-4780-ac21-ceb5517ddaa6",
  "fields": {
    "password": "pbkdf2_sha256$1200000$xoa1AKYGB4yb4XOzoPHO1b$h6HeWBmx72k3i642G87LglO60QKeoMSPwkP5iKp2ZJg=",
    "last_login": null,
    "is_superuser": false,
    "email": "chioma.eze@soie-review.com",
    "first_name": "Chioma",
    "last_name": "Eze",
    "avatar": "",
    "phone": "",
    "is_active": true,
    "is_staff": false,
    "date_joined": "2026-05-21T21:52:49.515Z",
    "updated_at": "2026-05-21T21:52:50.339Z",
    "groups": [],
    "user_permissions": []
  }
},
{
  "model": "accounts.user",
  "pk": "679de63b-1f7b-4a7a-b3e4-4dac3393aa63",
  "fields": {
    "password": "pbkdf2_sha256$1200000$c0yvr11FgIDN9PESThA2LB$q8FlhgxEfGnyqEkQe3CNP0N4HO+3J5vVDqfxgXsv7Es=",
    "last_login": null,
    "is_superuser": false,
    "email": "grace.mensah@soie-review.com",
    "first_name": "Grace",
    "last_name": "Mensah",
    "avatar": "",
    "phone": "",
    "is_active": true,
    "is_staff": false,
    "date_joined": "2026-05-21T21:52:51.173Z",
    "updated_at": "2026-05-21T21:52:51.992Z",
    "groups": [],
    "user_permissions": []
  }
},
{
  "model": "accounts.user",
  "pk": "685f2591-29bd-405a-87c2-b009346ca102",
  "fields": {
    "password": "pbkdf2_sha256$1200000$VgJHOETuJV93MZNt5oiSS1$vWiwGJHpp9HChO1Sjvs1gEP4Jb66KMOYRZaMbNDb0ig=",
    "last_login": null,
    "is_superuser": false,
    "email": "priya.sharma@soie-review.com",
    "first_name": "Priya",
    "last_name": "Sharma",
    "avatar": "",
    "phone": "",
    "is_active": true,
    "is_staff": false,
    "date_joined": "2026-05-21T21:52:52.808Z",
    "updated_at": "2026-05-21T21:52:53.629Z",
    "groups": [],
    "user_permissions": []
  }
},
{
  "model": "accounts.user",
  "pk": "68bed66b-337a-4ffb-b7fc-b0bca88bd6ee",
  "fields": {
    "password": "pbkdf2_sha256$1200000$SoGaeToXqG4W6udbvocaG1$ogDL/AI7bwBcZZSNNsZYpGroJ6VMPwjM8upZFgYZABA=",
    "last_login": null,
    "is_superuser": false,
    "email": "zanele.dlamini@soie-review.com",
    "first_name": "Zanele",
    "last_name": "Dlamini",
    "avatar": "",
    "phone": "",
    "is_active": true,
    "is_staff": false,
    "date_joined": "2026-05-21T21:52:47.819Z",
    "updated_at": "2026-05-21T21:52:48.655Z",
    "groups": [],
    "user_permissions": []
  }
},
{
  "model": "accounts.user",
  "pk": "6ce16fd9-4753-403e-954f-e4fa994bddc6",
  "fields": {
    "password": "pbkdf2_sha256$1200000$ohjt7MW8SvF1dcmmpkJxbU$fFymp43IGbmgTqL8Y0M5rRvgYPd0HM0OO0745/bkH+A=",
    "last_login": null,
    "is_superuser": false,
    "email": "amara.ndiaye@soie-review.com",
    "first_name": "Amara",
    "last_name": "Ndiaye",
    "avatar": "",
    "phone": "",
    "is_active": true,
    "is_staff": false,
    "date_joined": "2026-05-21T21:52:46.102Z",
    "updated_at": "2026-05-21T21:52:46.953Z",
    "groups": [],
    "user_permissions": []
  }
},
{
  "model": "accounts.user",
  "pk": "815f1f79-3b3c-49d8-a9e9-73b5711064b3",
  "fields": {
    "password": "pbkdf2_sha256$1200000$pDu3fafgRs1iV0GS8MZQ34$PqI0BCDEQZuaxtfkI+/Uow05Jlo+xU7BTl4mP5dzg8w=",
    "last_login": null,
    "is_superuser": false,
    "email": "aisha.kamara@soie-review.com",
    "first_name": "Aisha",
    "last_name": "Kamara",
    "avatar": "",
    "phone": "",
    "is_active": true,
    "is_staff": false,
    "date_joined": "2026-05-21T21:52:48.659Z",
    "updated_at": "2026-05-21T21:52:49.512Z",
    "groups": [],
    "user_permissions": []
  }
},
{
  "model": "accounts.user",
  "pk": "83a344cf-0162-48ad-935a-d1151e368178",
  "fields": {
    "password": "pbkdf2_sha256$1200000$GNkFzM3uHbBplWYsHyIDyg$PGMynqGqHqOzJmaHW24+sRNB+fFcMdw9ousZHvf+WYI=",
    "last_login": "2026-05-22T03:04:35.293Z",
    "is_superuser": true,
    "email": "kenjicladia@gmail.com",
    "first_name": "kenji",
    "last_name": "cladia",
    "avatar": "",
    "phone": "",
    "is_active": true,
    "is_staff": true,
    "date_joined": "2026-05-21T10:52:23.586Z",
    "updated_at": "2026-05-21T10:52:23.586Z",
    "groups": [],
    "user_permissions": []
  }
},
{
  "model": "accounts.user",
  "pk": "914b714e-24dc-4552-8c2e-a5e2b05398da",
  "fields": {
    "password": "pbkdf2_sha256$1200000$ifr41WQNIoMvbD9jgTmiqb$Kph2L90x40+HJjNf7mQv7UN5AM0knU3MX/P4uosVmRM=",
    "last_login": null,
    "is_superuser": false,
    "email": "naledi.sithole@soie-review.com",
    "first_name": "Naledi",
    "last_name": "Sithole",
    "avatar": "",
    "phone": "",
    "is_active": true,
    "is_staff": false,
    "date_joined": "2026-05-21T21:52:50.341Z",
    "updated_at": "2026-05-21T21:52:51.170Z",
    "groups": [],
    "user_permissions": []
  }
},
{
  "model": "accounts.user",
  "pk": "afa9bc81-2a06-428f-9849-ac02d7b703db",
  "fields": {
    "password": "pbkdf2_sha256$1200000$nloqHIZXPgZ0FeFKMMIqKN$7lajI7f7ENZnNj4OgBy2oh8aEFuIJv5hLqcTrcgeng8=",
    "last_login": "2026-05-21T20:18:38.034Z",
    "is_superuser": false,
    "email": "eh20301022023@student.mut.ac.ke",
    "first_name": "Njuguna",
    "last_name": "Macharia",
    "avatar": "",
    "phone": "",
    "is_active": true,
    "is_staff": false,
    "date_joined": "2026-05-21T14:25:30.363Z",
    "updated_at": "2026-05-21T20:18:38.034Z",
    "groups": [],
    "user_permissions": []
  }
},
{
  "model": "accounts.user",
  "pk": "b09b4e93-c5ef-4a2f-923b-b24aab5946ab",
  "fields": {
    "password": "pbkdf2_sha256$1200000$WlhRMJRtOfJsnCoUVvQk6n$HsmTFXDbqr35mKti9jzu7zy1Vu4rJQ5aBuK2GI2Hg9s=",
    "last_login": null,
    "is_superuser": false,
    "email": "sarah.london@soie-review.com",
    "first_name": "Sarah",
    "last_name": "Collins",
    "avatar": "",
    "phone": "",
    "is_active": true,
    "is_staff": false,
    "date_joined": "2026-05-21T21:52:51.994Z",
    "updated_at": "2026-05-21T21:52:52.806Z",
    "groups": [],
    "user_permissions": []
  }
},
{
  "model": "accounts.user",
  "pk": "d2b55249-2a86-4809-985a-dd3303304a2b",
  "fields": {
    "password": "pbkdf2_sha256$1200000$GXi1lRPfMTG14oz2FjlMqF$9QPwmFiPqEQuEkclZn8Z6VSNOhdt+KmEsZJTbPI8X28=",
    "last_login": null,
    "is_superuser": false,
    "email": "kefilwe.mokoena@soie-review.com",
    "first_name": "Kefilwe",
    "last_name": "Mokoena",
    "avatar": "",
    "phone": "",
    "is_active": true,
    "is_staff": false,
    "date_joined": "2026-05-21T21:52:53.639Z",
    "updated_at": "2026-05-21T21:52:54.467Z",
    "groups": [],
    "user_permissions": []
  }
},
{
  "model": "accounts.user",
  "pk": "d4f47129-a0fe-487c-bf65-b9a4cbe75c60",
  "fields": {
    "password": "pbkdf2_sha256$1200000$OnUKmDZlYbjtdV3mS25rH2$PLHtF4oyFJMtHWoo2KmLIW8N2cd5apm8PO2F5zc79gU=",
    "last_login": null,
    "is_superuser": false,
    "email": "briannjuguna694@gmail.com",
    "first_name": "Njuguna 22",
    "last_name": "Macharia",
    "avatar": "",
    "phone": "",
    "is_active": true,
    "is_staff": false,
    "date_joined": "2026-05-21T13:27:45.559Z",
    "updated_at": "2026-05-21T14:20:13.044Z",
    "groups": [],
    "user_permissions": []
  }
},
{
  "model": "accounts.user",
  "pk": "e8525bb2-2fd8-4150-9b5d-e92754ace72a",
  "fields": {
    "password": "pbkdf2_sha256$1200000$VwvO4m7BjnBzJ91MjqUNBV$hN/F8q1JDPgQiwNBObhuw29c1SJ9iRvp4JVllTOI9cs=",
    "last_login": null,
    "is_superuser": false,
    "email": "fatima.okonkwo@soie-review.com",
    "first_name": "Fatima",
    "last_name": "Okonkwo",
    "avatar": "",
    "phone": "",
    "is_active": true,
    "is_staff": false,
    "date_joined": "2026-05-21T21:52:46.980Z",
    "updated_at": "2026-05-21T21:52:47.817Z",
    "groups": [],
    "user_permissions": []
  }
},
{
  "model": "products.category",
  "pk": "27a2bae6-3e4f-45da-80c3-f55ca2ebd005",
  "fields": {
    "name": "Lace Front Wigs",
    "slug": "lace-front-wigs",
    "description": "Premium 13x4 and 13x6 lace frontal wigs for a natural hairline.",
    "created_at": "2026-05-21T21:52:46.016Z"
  }
},
{
  "model": "products.category",
  "pk": "665e0291-71fb-4730-a7d4-b5e39b7155b9",
  "fields": {
    "name": "Closure Wigs",
    "slug": "closure-wigs",
    "description": "4x4 and 5x5 lace closure wigs for versatile styling.",
    "created_at": "2026-05-21T21:52:46.019Z"
  }
},
{
  "model": "products.category",
  "pk": "f7900439-595a-4afc-84c2-fd9c88a76157",
  "fields": {
    "name": "Full Lace Wigs",
    "slug": "full-lace-wigs",
    "description": "Full lace wigs for maximum styling flexibility.",
    "created_at": "2026-05-21T21:52:46.020Z"
  }
},
{
  "model": "products.wigproduct",
  "pk": "3dc08826-9031-4bfa-abad-37f407178593",
  "fields": {
    "category": "27a2bae6-3e4f-45da-80c3-f55ca2ebd005",
    "name": "Indian Virgin Hair 13x4 Transparent Lace Front Deep Wave Wig",
    "slug": "indian-virgin-deep-wave-13x4",
    "description": "100% Indian Virgin Hair with intact cuticles for natural shine and minimal shedding. The 13x4 transparent lace provides a natural hairline that blends seamlessly with most skin tones. Deep Wave texture features defined, bouncy S-curls with high volume and lasting hold. Pre-plucked hairline with baby hairs for a realistic, ready-to-wear finish.\r\n\r\n180% density for maximum fullness and volume. Can be dyed, bleached, straightened, and heat styled without losing the wave pattern. Suitable for all occasions.",
    "short_description": "Defined, bouncy deep wave curls with 100% Indian virgin hair and a seamless transparent lace front.",
    "hair_type": "deep_wave",
    "lace_type": "13x4",
    "density": "180",
    "is_featured": true,
    "is_trending": true,
    "is_active": true,
    "care_instructions": "To maintain the deep wave pattern, wash with a curl-enhancing shampoo and conditioner. Do not rub ΓÇö squeeze gently and air dry. Scrunch with a wave-defining cream while damp. Avoid brushing when dry to prevent frizz. Use a diffuser on low heat if needed.",
    "created_at": "2026-05-21T21:52:46.050Z",
    "updated_at": "2026-05-21T22:23:59.215Z"
  }
},
{
  "model": "products.wigproduct",
  "pk": "4d830bb4-5790-4e21-8840-0814b84842d3",
  "fields": {
    "category": "27a2bae6-3e4f-45da-80c3-f55ca2ebd005",
    "name": "13x4 Transparent Lace Front Vietnamese Virgin Hair Deep Curl Wig",
    "slug": "vietnamese-virgin-deep-curl-13x4",
    "description": "Experience the beauty of rich, voluminous deep curls with this 13x4 transparent lace front wig, crafted from 100% Vietnamese virgin hair. The deep curl pattern creates stunning, coily ringlets with incredible bounce and definition ΓÇö perfect for a bold, natural look.\r\n\r\nFeatures a pre-plucked hairline with baby hairs for a seamless blend. The transparent 13x4 lace allows for versatile parting options. 150% density gives a full, lush appearance without feeling heavy. Hair is completely free of chemical processing ΓÇö no dyes, no perms, no silicone coating.",
    "short_description": "Gorgeous, tight deep curls with 100% Vietnamese virgin hair. Full volume, natural hairline.",
    "hair_type": "curly",
    "lace_type": "13x4",
    "density": "150",
    "is_featured": false,
    "is_trending": true,
    "is_active": true,
    "care_instructions": "Deep curls require extra moisture to stay defined. Co-wash weekly with a hydrating conditioner. Apply a curl cream or gel while hair is soaking wet and scrunch upward. Air dry completely before wearing. Refresh with a water and leave-in conditioner spray. Avoid combing or brushing ΓÇö use your fingers to detangle only.",
    "created_at": "2026-05-21T21:52:46.083Z",
    "updated_at": "2026-05-22T08:00:42.355Z"
  }
},
{
  "model": "products.wigproduct",
  "pk": "bcbab8e1-133d-41c4-81ae-0b4969779dc3",
  "fields": {
    "category": "27a2bae6-3e4f-45da-80c3-f55ca2ebd005",
    "name": "13x4 Transparent Lace Front Vietnamese Virgin Hair Straight Wig",
    "slug": "vietnamese-virgin-straight-13x4",
    "description": "Get a flawless, natural look with this 13x4 transparent lace frontal wig made from 100% Vietnamese virgin hair. Features silky straight strands, a pre-plucked hairline with baby hairs, and a wide lace for versatile middle, side, or free parting. Soft, strong, and tangle-free for a long-lasting, natural finish.\r\n\r\nHair is collected with intact cuticles to ensure minimal shedding and maximum shine. Can be dyed, bleached, cut, and heat-styled up to 180┬░C without compromising quality.",
    "short_description": "Flawless straight look with 100% Vietnamese virgin hair and a wide 13x4 transparent lace front.",
    "hair_type": "straight",
    "lace_type": "13x4",
    "density": "150",
    "is_featured": true,
    "is_trending": false,
    "is_active": true,
    "care_instructions": "Wash with sulfate-free, cold water. Gently detangle from tips to roots using a wide-tooth comb. Air dry on a wig stand. Apply a light serum for shine. Avoid sleeping in the wig without a satin cap. Store on a wig stand when not in use.",
    "created_at": "2026-05-21T21:52:46.024Z",
    "updated_at": "2026-05-21T22:22:43.234Z"
  }
},
{
  "model": "products.wigproduct",
  "pk": "e59c0c02-5b4c-4fb9-afdf-55dea1f43f5e",
  "fields": {
    "category": "27a2bae6-3e4f-45da-80c3-f55ca2ebd005",
    "name": "Japanese Virgin Hair 13x4 Transparent Lace Front Loose Wave Wig",
    "slug": "japanese-virgin-loose-wave-13x4",
    "description": "100% Japanese Virgin Hair with intact cuticles for a silky, lightweight feel and minimal shedding. The 13x4 transparent lace creates an undetectable hairline that blends smoothly with most skin tones. Loose Wave texture features soft, flowing waves with natural volume and bounce for an effortless look. Pre-plucked hairline with baby hairs for a realistic, ready-to-wear finish.\r\n\r\n180% density. Can be dyed, bleached, straightened, and heat styled while maintaining the wave pattern. Japanese hair is known for its exceptional silkiness and long-lasting texture retention.",
    "short_description": "Soft, flowing loose waves with silky Japanese virgin hair and an undetectable transparent lace front.",
    "hair_type": "loose_wave",
    "lace_type": "13x4",
    "density": "180",
    "is_featured": true,
    "is_trending": true,
    "is_active": true,
    "care_instructions": "Wash gently with lukewarm water and a moisturising shampoo. Apply a hydrating conditioner and leave for 5 minutes. Rinse and gently squeeze out excess water ΓÇö do not wring. Air dry naturally or use a low-heat diffuser. Finger-style the waves while damp for best results. Avoid excessive heat styling.",
    "created_at": "2026-05-21T21:52:46.066Z",
    "updated_at": "2026-05-21T22:50:43.080Z"
  }
},
{
  "model": "products.wigimage",
  "pk": "2a2fbf9a-b3a0-4f67-9134-4770427617fc",
  "fields": {
    "product": "bcbab8e1-133d-41c4-81ae-0b4969779dc3",
    "image": "products/WhatsApp_Image_2026-05-20_at_10.03.47_PM.jpeg",
    "alt_text": "",
    "is_primary": false,
    "order": 0
  }
},
{
  "model": "products.wigimage",
  "pk": "31d7fd4e-6827-4601-9847-bd4c591a1ca6",
  "fields": {
    "product": "3dc08826-9031-4bfa-abad-37f407178593",
    "image": "products/WhatsApp_Image_2026-05-20_at_10.19.27_PM.jpeg",
    "alt_text": "",
    "is_primary": false,
    "order": 0
  }
},
{
  "model": "products.wigimage",
  "pk": "5fe39e61-f054-422f-acc0-f1975c19e16c",
  "fields": {
    "product": "bcbab8e1-133d-41c4-81ae-0b4969779dc3",
    "image": "products/WhatsApp_Image_2026-05-20_at_10.03.51_PM.jpeg",
    "alt_text": "",
    "is_primary": false,
    "order": 0
  }
},
{
  "model": "products.wigimage",
  "pk": "88ee615e-c9a1-4771-99c3-94a87859a1f4",
  "fields": {
    "product": "e59c0c02-5b4c-4fb9-afdf-55dea1f43f5e",
    "image": "products/WhatsApp_Image_2026-05-20_at_10.25.22_PM.jpeg",
    "alt_text": "",
    "is_primary": false,
    "order": 0
  }
},
{
  "model": "products.wigimage",
  "pk": "939589b5-b388-4047-883b-bd4191366103",
  "fields": {
    "product": "4d830bb4-5790-4e21-8840-0814b84842d3",
    "image": "products/WhatsApp_Image_2026-05-20_at_10.25.19_PM_1.jpeg",
    "alt_text": "",
    "is_primary": false,
    "order": 0
  }
},
{
  "model": "products.wigimage",
  "pk": "9cb93e4f-94c3-4d82-8024-71912bb9f5c0",
  "fields": {
    "product": "e59c0c02-5b4c-4fb9-afdf-55dea1f43f5e",
    "image": "products/WhatsApp_Image_2026-05-20_at_10.25.22_PM_1.jpeg",
    "alt_text": "",
    "is_primary": false,
    "order": 0
  }
},
{
  "model": "products.wigimage",
  "pk": "b4c79102-6fe0-4dda-87a4-1b0d13399162",
  "fields": {
    "product": "e59c0c02-5b4c-4fb9-afdf-55dea1f43f5e",
    "image": "products/WhatsApp_Image_2026-05-20_at_10.25.22_PM_2.jpeg",
    "alt_text": "",
    "is_primary": false,
    "order": 0
  }
},
{
  "model": "products.inchpricing",
  "pk": "15baf619-6f2a-4e9a-a7e4-06c91f75b04a",
  "fields": {
    "product": "4d830bb4-5790-4e21-8840-0814b84842d3",
    "inches": 26,
    "price": "135.00",
    "stock_quantity": 4,
    "is_available": true
  }
},
{
  "model": "products.inchpricing",
  "pk": "1f59182d-c226-4a4b-a670-813047331681",
  "fields": {
    "product": "e59c0c02-5b4c-4fb9-afdf-55dea1f43f5e",
    "inches": 26,
    "price": "118.00",
    "stock_quantity": 8,
    "is_available": true
  }
},
{
  "model": "products.inchpricing",
  "pk": "3414cb4d-76a5-4b65-a2cb-6f5440ce33e3",
  "fields": {
    "product": "3dc08826-9031-4bfa-abad-37f407178593",
    "inches": 12,
    "price": "48.00",
    "stock_quantity": 15,
    "is_available": true
  }
},
{
  "model": "products.inchpricing",
  "pk": "34d6ba8a-e963-4d9c-aba6-a4b033d9b96d",
  "fields": {
    "product": "3dc08826-9031-4bfa-abad-37f407178593",
    "inches": 14,
    "price": "58.00",
    "stock_quantity": 15,
    "is_available": true
  }
},
{
  "model": "products.inchpricing",
  "pk": "3fa0d629-96e6-4709-9c63-372e93730bcc",
  "fields": {
    "product": "e59c0c02-5b4c-4fb9-afdf-55dea1f43f5e",
    "inches": 16,
    "price": "68.00",
    "stock_quantity": 12,
    "is_available": true
  }
},
{
  "model": "products.inchpricing",
  "pk": "57ba83b5-5c0b-44fe-adfd-d6cf543da763",
  "fields": {
    "product": "bcbab8e1-133d-41c4-81ae-0b4969779dc3",
    "inches": 14,
    "price": "70.00",
    "stock_quantity": 15,
    "is_available": true
  }
},
{
  "model": "products.inchpricing",
  "pk": "674cf0bd-1c76-4533-ad8e-c97771a3c8a3",
  "fields": {
    "product": "3dc08826-9031-4bfa-abad-37f407178593",
    "inches": 26,
    "price": "118.00",
    "stock_quantity": 8,
    "is_available": true
  }
},
{
  "model": "products.inchpricing",
  "pk": "67dc453c-f909-47ea-90ce-85b0c6e333a6",
  "fields": {
    "product": "e59c0c02-5b4c-4fb9-afdf-55dea1f43f5e",
    "inches": 20,
    "price": "88.00",
    "stock_quantity": 10,
    "is_available": true
  }
},
{
  "model": "products.inchpricing",
  "pk": "689d664b-4674-4ed1-8902-4a24e5eead0d",
  "fields": {
    "product": "3dc08826-9031-4bfa-abad-37f407178593",
    "inches": 16,
    "price": "68.00",
    "stock_quantity": 12,
    "is_available": true
  }
},
{
  "model": "products.inchpricing",
  "pk": "6afccdbb-40d2-4ff5-bec4-e5ce0af5a0d8",
  "fields": {
    "product": "4d830bb4-5790-4e21-8840-0814b84842d3",
    "inches": 28,
    "price": "145.00",
    "stock_quantity": 4,
    "is_available": true
  }
},
{
  "model": "products.inchpricing",
  "pk": "6e30866d-a1c1-4f6e-abb0-4f22dccc4b25",
  "fields": {
    "product": "4d830bb4-5790-4e21-8840-0814b84842d3",
    "inches": 14,
    "price": "75.00",
    "stock_quantity": 10,
    "is_available": true
  }
},
{
  "model": "products.inchpricing",
  "pk": "722e403f-793a-49e2-aaea-650f9aa24cf6",
  "fields": {
    "product": "e59c0c02-5b4c-4fb9-afdf-55dea1f43f5e",
    "inches": 12,
    "price": "48.00",
    "stock_quantity": 15,
    "is_available": true
  }
},
{
  "model": "products.inchpricing",
  "pk": "73406837-9d66-44cc-9c45-01addf168564",
  "fields": {
    "product": "3dc08826-9031-4bfa-abad-37f407178593",
    "inches": 24,
    "price": "108.00",
    "stock_quantity": 8,
    "is_available": true
  }
},
{
  "model": "products.inchpricing",
  "pk": "836b2370-f9bc-498a-9163-3dbc7dda5fde",
  "fields": {
    "product": "e59c0c02-5b4c-4fb9-afdf-55dea1f43f5e",
    "inches": 18,
    "price": "78.00",
    "stock_quantity": 12,
    "is_available": true
  }
},
{
  "model": "products.inchpricing",
  "pk": "855c1eb7-a9ea-4b1c-ab4c-67ad34e226ff",
  "fields": {
    "product": "bcbab8e1-133d-41c4-81ae-0b4969779dc3",
    "inches": 18,
    "price": "90.00",
    "stock_quantity": 12,
    "is_available": true
  }
},
{
  "model": "products.inchpricing",
  "pk": "8aa40ceb-cb51-4039-b53c-fe9873f415b9",
  "fields": {
    "product": "4d830bb4-5790-4e21-8840-0814b84842d3",
    "inches": 18,
    "price": "95.00",
    "stock_quantity": 8,
    "is_available": true
  }
},
{
  "model": "products.inchpricing",
  "pk": "a6e47801-6453-40c5-bfa2-acc9ce2d7ced",
  "fields": {
    "product": "bcbab8e1-133d-41c4-81ae-0b4969779dc3",
    "inches": 16,
    "price": "80.00",
    "stock_quantity": 12,
    "is_available": true
  }
},
{
  "model": "products.inchpricing",
  "pk": "ac18c0d1-56fb-45ba-b989-1db1167408b6",
  "fields": {
    "product": "bcbab8e1-133d-41c4-81ae-0b4969779dc3",
    "inches": 24,
    "price": "120.00",
    "stock_quantity": 8,
    "is_available": true
  }
},
{
  "model": "products.inchpricing",
  "pk": "af0267e5-8546-4df1-96e2-6b53e42c67bf",
  "fields": {
    "product": "bcbab8e1-133d-41c4-81ae-0b4969779dc3",
    "inches": 26,
    "price": "130.00",
    "stock_quantity": 8,
    "is_available": true
  }
},
{
  "model": "products.inchpricing",
  "pk": "b19e8326-a69e-4672-98df-107b2692b992",
  "fields": {
    "product": "4d830bb4-5790-4e21-8840-0814b84842d3",
    "inches": 12,
    "price": "65.00",
    "stock_quantity": 12,
    "is_available": true
  }
},
{
  "model": "products.inchpricing",
  "pk": "b433ca15-8abe-44a7-a6ae-e5fc51a456f3",
  "fields": {
    "product": "bcbab8e1-133d-41c4-81ae-0b4969779dc3",
    "inches": 20,
    "price": "100.00",
    "stock_quantity": 10,
    "is_available": true
  }
},
{
  "model": "products.inchpricing",
  "pk": "b59ebeac-90b0-4077-9444-18637855a83a",
  "fields": {
    "product": "4d830bb4-5790-4e21-8840-0814b84842d3",
    "inches": 20,
    "price": "105.00",
    "stock_quantity": 8,
    "is_available": true
  }
},
{
  "model": "products.inchpricing",
  "pk": "bb43ad87-eea2-4ed8-88c5-c400fc417e69",
  "fields": {
    "product": "bcbab8e1-133d-41c4-81ae-0b4969779dc3",
    "inches": 22,
    "price": "110.00",
    "stock_quantity": 10,
    "is_available": true
  }
},
{
  "model": "products.inchpricing",
  "pk": "bf70bedc-bccc-4dd6-b8f1-ec1b0efd74ee",
  "fields": {
    "product": "e59c0c02-5b4c-4fb9-afdf-55dea1f43f5e",
    "inches": 14,
    "price": "58.00",
    "stock_quantity": 15,
    "is_available": true
  }
},
{
  "model": "products.inchpricing",
  "pk": "c714e065-dc94-43b1-bccf-f30cdc944148",
  "fields": {
    "product": "4d830bb4-5790-4e21-8840-0814b84842d3",
    "inches": 22,
    "price": "115.00",
    "stock_quantity": 6,
    "is_available": true
  }
},
{
  "model": "products.inchpricing",
  "pk": "c71ab379-9433-4c08-b2c2-a485789220b9",
  "fields": {
    "product": "bcbab8e1-133d-41c4-81ae-0b4969779dc3",
    "inches": 30,
    "price": "150.00",
    "stock_quantity": 5,
    "is_available": true
  }
},
{
  "model": "products.inchpricing",
  "pk": "c9f88a7b-918e-4a11-9421-de7c36d3270f",
  "fields": {
    "product": "3dc08826-9031-4bfa-abad-37f407178593",
    "inches": 30,
    "price": "138.00",
    "stock_quantity": 5,
    "is_available": true
  }
},
{
  "model": "products.inchpricing",
  "pk": "d1404187-0cfd-4c00-8d16-cc44f221c606",
  "fields": {
    "product": "4d830bb4-5790-4e21-8840-0814b84842d3",
    "inches": 16,
    "price": "85.00",
    "stock_quantity": 10,
    "is_available": true
  }
},
{
  "model": "products.inchpricing",
  "pk": "d3dc1c30-f18a-4a06-9686-7da20d4ee06a",
  "fields": {
    "product": "4d830bb4-5790-4e21-8840-0814b84842d3",
    "inches": 24,
    "price": "125.00",
    "stock_quantity": 6,
    "is_available": true
  }
},
{
  "model": "products.inchpricing",
  "pk": "d7386dbd-c628-4cbf-b7be-014923da805b",
  "fields": {
    "product": "bcbab8e1-133d-41c4-81ae-0b4969779dc3",
    "inches": 28,
    "price": "140.00",
    "stock_quantity": 6,
    "is_available": true
  }
},
{
  "model": "products.inchpricing",
  "pk": "dad3d24d-89d0-4d1e-9171-a2315f6984c9",
  "fields": {
    "product": "3dc08826-9031-4bfa-abad-37f407178593",
    "inches": 22,
    "price": "98.00",
    "stock_quantity": 10,
    "is_available": true
  }
},
{
  "model": "products.inchpricing",
  "pk": "dad8c93d-7588-4c48-8f28-6624730fbe7e",
  "fields": {
    "product": "3dc08826-9031-4bfa-abad-37f407178593",
    "inches": 28,
    "price": "128.00",
    "stock_quantity": 6,
    "is_available": true
  }
},
{
  "model": "products.inchpricing",
  "pk": "df1353f8-a664-4952-be3c-69d3bbc8be37",
  "fields": {
    "product": "bcbab8e1-133d-41c4-81ae-0b4969779dc3",
    "inches": 12,
    "price": "60.00",
    "stock_quantity": 15,
    "is_available": true
  }
},
{
  "model": "products.inchpricing",
  "pk": "e8a161d0-7e93-43e1-b903-feb8b8e32d65",
  "fields": {
    "product": "e59c0c02-5b4c-4fb9-afdf-55dea1f43f5e",
    "inches": 28,
    "price": "128.00",
    "stock_quantity": 6,
    "is_available": true
  }
},
{
  "model": "products.inchpricing",
  "pk": "ecbe64bb-35e5-4456-a71a-74921234056a",
  "fields": {
    "product": "e59c0c02-5b4c-4fb9-afdf-55dea1f43f5e",
    "inches": 30,
    "price": "138.00",
    "stock_quantity": 5,
    "is_available": true
  }
},
{
  "model": "products.inchpricing",
  "pk": "eefc6572-156b-46d5-b0ec-c580d6693ee7",
  "fields": {
    "product": "3dc08826-9031-4bfa-abad-37f407178593",
    "inches": 18,
    "price": "78.00",
    "stock_quantity": 12,
    "is_available": true
  }
},
{
  "model": "products.inchpricing",
  "pk": "f585325f-9a33-4638-8e6e-d05d989683b6",
  "fields": {
    "product": "e59c0c02-5b4c-4fb9-afdf-55dea1f43f5e",
    "inches": 22,
    "price": "98.00",
    "stock_quantity": 10,
    "is_available": true
  }
},
{
  "model": "products.inchpricing",
  "pk": "f8de8b98-c32e-4ba2-b033-16649a52a01b",
  "fields": {
    "product": "3dc08826-9031-4bfa-abad-37f407178593",
    "inches": 20,
    "price": "88.00",
    "stock_quantity": 10,
    "is_available": true
  }
},
{
  "model": "products.inchpricing",
  "pk": "fa51095e-5942-4b83-84e8-93ff8d293d8c",
  "fields": {
    "product": "4d830bb4-5790-4e21-8840-0814b84842d3",
    "inches": 10,
    "price": "0.01",
    "stock_quantity": 12,
    "is_available": true
  }
},
{
  "model": "products.inchpricing",
  "pk": "fe099b44-3202-4129-b2dd-589741388372",
  "fields": {
    "product": "e59c0c02-5b4c-4fb9-afdf-55dea1f43f5e",
    "inches": 24,
    "price": "108.00",
    "stock_quantity": 8,
    "is_available": true
  }
},
{
  "model": "products.review",
  "pk": "107feac1-ffef-4614-9e58-59d9bd6606ef",
  "fields": {
    "product": "e59c0c02-5b4c-4fb9-afdf-55dea1f43f5e",
    "user": "685f2591-29bd-405a-87c2-b009346ca102",
    "reviewer_name": "Priya Sharma",
    "message": "Amazing quality for the price. The Japanese hair has a unique silkiness that I have not experienced with other wigs. The loose waves are effortless and look completely natural. I wore it to a formal event and people genuinely thought it was my real hair. Stunning.",
    "rating": 5,
    "is_approved": true,
    "created_at": "2026-05-21T21:52:54.489Z"
  }
},
{
  "model": "products.review",
  "pk": "165d12af-3000-4aa2-93b0-7fbba4a33fb7",
  "fields": {
    "product": "bcbab8e1-133d-41c4-81ae-0b4969779dc3",
    "user": "b09b4e93-c5ef-4a2f-923b-b24aab5946ab",
    "reviewer_name": "Sarah Collins",
    "message": "Really impressed with the softness and volume. I was hesitant to order from an online shop but SOIE exceeded all my expectations. The straight wig is absolutely silky ΓÇö no tangling, no shedding. The lace is incredibly thin and natural-looking. 10 out of 10.",
    "rating": 5,
    "is_approved": true,
    "created_at": "2026-05-21T21:52:54.477Z"
  }
},
{
  "model": "products.review",
  "pk": "174982c2-661d-475d-bc79-2ed3f2155a87",
  "fields": {
    "product": "e59c0c02-5b4c-4fb9-afdf-55dea1f43f5e",
    "user": "914b714e-24dc-4552-8c2e-a5e2b05398da",
    "reviewer_name": "Naledi Sithole",
    "message": "Really impressed with the softness and volume. The only reason I am giving 4 stars instead of 5 is that my package took 16 days which was slightly over the estimated time. But the quality of the wig itself is exceptional ΓÇö absolutely no complaints there. Would buy again.",
    "rating": 4,
    "is_approved": true,
    "created_at": "2026-05-21T21:52:54.490Z"
  }
},
{
  "model": "products.review",
  "pk": "254d2f3e-e903-4397-8096-625551e0980d",
  "fields": {
    "product": "3dc08826-9031-4bfa-abad-37f407178593",
    "user": "679de63b-1f7b-4a7a-b3e4-4dac3393aa63",
    "reviewer_name": "Grace Mensah",
    "message": "Really impressed with the softness and volume. The deep wave Indian hair feels so light on my head compared to other wigs I have worn. Received in 10 days ΓÇö faster than expected. Customer service was also very responsive. Already recommended to 5 of my friends.",
    "rating": 5,
    "is_approved": true,
    "created_at": "2026-05-21T21:52:54.485Z"
  }
},
{
  "model": "products.review",
  "pk": "29fc8d7d-02e4-480d-9bea-8b2a497742de",
  "fields": {
    "product": "3dc08826-9031-4bfa-abad-37f407178593",
    "user": "5b22bd78-dfc7-4780-ac21-ceb5517ddaa6",
    "reviewer_name": "Chioma Eze",
    "message": "The deep wave was so good and looked very natural. The 180% density is FULL ΓÇö I was not expecting so much volume. It has been 3 months now and the wave pattern is still holding beautifully after multiple washes. This is my new favourite wig.",
    "rating": 5,
    "is_approved": true,
    "created_at": "2026-05-21T21:52:54.483Z"
  }
},
{
  "model": "products.review",
  "pk": "4b2fdbc0-8981-4325-8c7c-cc61419bb7b4",
  "fields": {
    "product": "4d830bb4-5790-4e21-8840-0814b84842d3",
    "user": "815f1f79-3b3c-49d8-a9e9-73b5711064b3",
    "reviewer_name": "Aisha Kamara",
    "message": "The deep curl is everything! So bouncy and defined ΓÇö exactly what I was looking for. The curls are tight and springy and have stayed gorgeous even after washing. The hairline blends so naturally with my skin. I got so many compliments at church.",
    "rating": 5,
    "is_approved": true,
    "created_at": "2026-05-21T21:52:54.492Z"
  }
},
{
  "model": "products.review",
  "pk": "5acedf04-d135-420a-a262-50257ed4322e",
  "fields": {
    "product": "bcbab8e1-133d-41c4-81ae-0b4969779dc3",
    "user": "d2b55249-2a86-4809-985a-dd3303304a2b",
    "reviewer_name": "Kefilwe Mokoena",
    "message": "I ordered the 20 inch and it is everything I wanted. Silky, full, and so natural-looking. The pre-plucked hairline saved me so much time. Arrived well-packaged in exactly 13 days. The price for this quality is honestly unbeatable.",
    "rating": 5,
    "is_approved": true,
    "created_at": "2026-05-21T21:52:54.479Z"
  }
},
{
  "model": "products.review",
  "pk": "6aeccdad-a164-4361-94ad-c6caf2444ae2",
  "fields": {
    "product": "4d830bb4-5790-4e21-8840-0814b84842d3",
    "user": "5b22bd78-dfc7-4780-ac21-ceb5517ddaa6",
    "reviewer_name": "Chioma Eze",
    "message": "Amazing quality for the price. I ordered the 22 inch and the volume is incredible. The curls are so defined and lively ΓÇö they honestly look better than my natural hair. Delivery was smooth and arrived in 12 days. SOIE has gained a customer for life.",
    "rating": 5,
    "is_approved": true,
    "created_at": "2026-05-21T21:52:54.494Z"
  }
},
{
  "model": "products.review",
  "pk": "a922655f-1a39-435f-b193-503d77166d31",
  "fields": {
    "product": "3dc08826-9031-4bfa-abad-37f407178593",
    "user": "e8525bb2-2fd8-4150-9b5d-e92754ace72a",
    "reviewer_name": "Fatima Okonkwo",
    "message": "Amazing quality for the price. I got many compliments at my sister's wedding. The deep wave curls are so defined and bouncy ΓÇö they did not drop all day even in humidity. I was worried the lace would be visible but it blended seamlessly. Highly recommend.",
    "rating": 5,
    "is_approved": true,
    "created_at": "2026-05-21T21:52:54.481Z"
  }
},
{
  "model": "products.review",
  "pk": "ba5e4215-9382-4338-a4c6-46c24ad7dbab",
  "fields": {
    "product": "e59c0c02-5b4c-4fb9-afdf-55dea1f43f5e",
    "user": "68bed66b-337a-4ffb-b7fc-b0bca88bd6ee",
    "reviewer_name": "Zanele Dlamini",
    "message": "SOIE has the most affordable luxury wigs I have ever found. I ordered the 24 inch loose wave Japanese wig and I am completely obsessed. The waves are so soft and flow beautifully. The lace is so thin it is practically invisible. I have received so many compliments.",
    "rating": 5,
    "is_approved": true,
    "created_at": "2026-05-21T21:52:54.487Z"
  }
},
{
  "model": "products.review",
  "pk": "c714f454-04b6-42d8-8dfd-8bc86ab47cf4",
  "fields": {
    "product": "bcbab8e1-133d-41c4-81ae-0b4969779dc3",
    "user": "6ce16fd9-4753-403e-954f-e4fa994bddc6",
    "reviewer_name": "Amara Ndiaye",
    "message": "The deep wave was so good and looked very natural! Amazing quality for the price. I got many compliments from my colleagues. The lace blended perfectly with my skin. Shipping was fast ΓÇö arrived in 11 days. Will definitely reorder.",
    "rating": 5,
    "is_approved": true,
    "created_at": "2026-05-21T21:52:54.474Z"
  }
},
{
  "model": "products.heroimage",
  "pk": "15375f10-e75a-4e12-86f2-dd36947a3aa3",
  "fields": {
    "slot": "hero_card",
    "image": "hero/WhatsApp_Image_2026-05-20_at_10.25.18_PM_4.jpeg",
    "alt_text": "",
    "is_active": true,
    "updated_at": "2026-05-22T03:05:08.184Z"
  }
},
{
  "model": "products.heroimage",
  "pk": "35ae3b31-efcc-4d0b-bc24-2c4dba6cad4e",
  "fields": {
    "slot": "auth_ring_2",
    "image": "hero/WhatsApp_Image_2026-05-20_at_10.25.28_PM.jpeg",
    "alt_text": "",
    "is_active": true,
    "updated_at": "2026-05-22T03:05:27.769Z"
  }
},
{
  "model": "products.heroimage",
  "pk": "6b8c216f-e05e-4666-9b20-087234e51a0f",
  "fields": {
    "slot": "auth_ring_1",
    "image": "hero/WhatsApp_Image_2026-05-20_at_10.25.28_PM_1.jpeg",
    "alt_text": "",
    "is_active": true,
    "updated_at": "2026-05-22T03:05:19.772Z"
  }
},
{
  "model": "orders.shippingaddress",
  "pk": "04eb52de-7d41-469d-baf9-5face2500240",
  "fields": {
    "user": "afa9bc81-2a06-428f-9849-ac02d7b703db",
    "full_name": "Njuguna Macharia",
    "email": "eh20301022023@student.mut.ac.ke",
    "phone": "+254723700284",
    "address_line1": "12345",
    "address_line2": "",
    "city": "nairobi",
    "state": "sdfg",
    "country": "Kenya",
    "postal_code": "",
    "created_at": "2026-05-22T03:19:52.446Z"
  }
},
{
  "model": "orders.shippingaddress",
  "pk": "07168781-9036-4cb4-abab-65e900f05f47",
  "fields": {
    "user": "afa9bc81-2a06-428f-9849-ac02d7b703db",
    "full_name": "Njuguna Macharia",
    "email": "eh20301022023@student.mut.ac.ke",
    "phone": "+254723700284",
    "address_line1": "12345",
    "address_line2": "",
    "city": "nairobi",
    "state": "asdf",
    "country": "Kenya",
    "postal_code": "",
    "created_at": "2026-05-22T08:03:35.397Z"
  }
},
{
  "model": "orders.shippingaddress",
  "pk": "2cc332ac-6cee-43ee-9d7b-ac35acbf84a9",
  "fields": {
    "user": "afa9bc81-2a06-428f-9849-ac02d7b703db",
    "full_name": "Njuguna Macharia",
    "email": "eh20301022023@student.mut.ac.ke",
    "phone": "+254723700284",
    "address_line1": "1212",
    "address_line2": "",
    "city": "nairobi",
    "state": "sdfg",
    "country": "Kenya",
    "postal_code": "",
    "created_at": "2026-05-22T03:17:38.164Z"
  }
},
{
  "model": "orders.shippingaddress",
  "pk": "38208475-adab-45e2-930d-87750995a95c",
  "fields": {
    "user": "d4f47129-a0fe-487c-bf65-b9a4cbe75c60",
    "full_name": "Brian Njuguna",
    "email": "briannjuguna694@gmail.com",
    "phone": "+254723700284",
    "address_line1": "aaa",
    "address_line2": "aew",
    "city": "Nakuru",
    "state": "N/A",
    "country": "Kenya",
    "postal_code": "12212",
    "created_at": "2026-05-21T17:10:48.957Z"
  }
},
{
  "model": "orders.shippingaddress",
  "pk": "4f38e1a2-6cb2-4ed5-bd3e-a92f6357bfe0",
  "fields": {
    "user": "afa9bc81-2a06-428f-9849-ac02d7b703db",
    "full_name": "Njuguna Macharia",
    "email": "eh20301022023@student.mut.ac.ke",
    "phone": "+254723700284",
    "address_line1": "12345",
    "address_line2": "",
    "city": "nairobi",
    "state": "nakuru",
    "country": "Kenya",
    "postal_code": "",
    "created_at": "2026-05-22T07:57:45.569Z"
  }
},
{
  "model": "orders.shippingaddress",
  "pk": "a8268fa6-1c12-4f81-91b8-be9a5d1838ea",
  "fields": {
    "user": "afa9bc81-2a06-428f-9849-ac02d7b703db",
    "full_name": "Njuguna Macharia",
    "email": "eh20301022023@student.mut.ac.ke",
    "phone": "0723700284",
    "address_line1": "1212",
    "address_line2": "",
    "city": "nairobi",
    "state": "kenya",
    "country": "Kenya",
    "postal_code": "",
    "created_at": "2026-05-22T03:16:18.849Z"
  }
},
{
  "model": "orders.cart",
  "pk": "5875ce94-d14e-419a-8661-9328932efde2",
  "fields": {
    "user": "afa9bc81-2a06-428f-9849-ac02d7b703db",
    "session_key": null,
    "created_at": "2026-05-22T08:04:15.532Z",
    "updated_at": "2026-05-22T08:04:15.532Z"
  }
},
{
  "model": "orders.order",
  "pk": "85f00cb2-d207-409e-8c9f-4253a0b1e9cb",
  "fields": {
    "order_number": "SOIE63659548",
    "user": "afa9bc81-2a06-428f-9849-ac02d7b703db",
    "shipping_address": "2cc332ac-6cee-43ee-9d7b-ac35acbf84a9",
    "status": "cancelled",
    "subtotal": "48.00",
    "shipping_fee": "12.00",
    "total": "60.00",
    "notes": "",
    "estimated_delivery": "8-15 days",
    "created_at": "2026-05-22T03:17:38.171Z",
    "updated_at": "2026-05-22T03:17:39.053Z"
  }
},
{
  "model": "orders.order",
  "pk": "8cfc3914-066e-4302-9424-6a767ae02fe9",
  "fields": {
    "order_number": "SOIE70194146",
    "user": "afa9bc81-2a06-428f-9849-ac02d7b703db",
    "shipping_address": "a8268fa6-1c12-4f81-91b8-be9a5d1838ea",
    "status": "cancelled",
    "subtotal": "48.00",
    "shipping_fee": "12.00",
    "total": "60.00",
    "notes": "",
    "estimated_delivery": "8-15 days",
    "created_at": "2026-05-22T03:16:18.859Z",
    "updated_at": "2026-05-22T03:16:19.975Z"
  }
},
{
  "model": "orders.order",
  "pk": "93681c2b-ca05-425b-9a9f-49c41c2a5727",
  "fields": {
    "order_number": "SOIE73646508",
    "user": "afa9bc81-2a06-428f-9849-ac02d7b703db",
    "shipping_address": "04eb52de-7d41-469d-baf9-5face2500240",
    "status": "cancelled",
    "subtotal": "48.00",
    "shipping_fee": "12.00",
    "total": "60.00",
    "notes": "",
    "estimated_delivery": "8-15 days",
    "created_at": "2026-05-22T03:19:52.453Z",
    "updated_at": "2026-05-22T03:19:53.349Z"
  }
},
{
  "model": "orders.order",
  "pk": "ef3a4291-7048-4a1a-904e-fb2918ccbc75",
  "fields": {
    "order_number": "SOIE59610284",
    "user": "afa9bc81-2a06-428f-9849-ac02d7b703db",
    "shipping_address": "07168781-9036-4cb4-abab-65e900f05f47",
    "status": "paid",
    "subtotal": "0.01",
    "shipping_fee": "0.00",
    "total": "0.01",
    "notes": "",
    "estimated_delivery": "8ΓÇô15 business days",
    "created_at": "2026-05-22T08:03:35.399Z",
    "updated_at": "2026-05-22T08:04:09.148Z"
  }
},
{
  "model": "orders.order",
  "pk": "fa8cbd2f-970c-432f-bbe8-f310f447428c",
  "fields": {
    "order_number": "SOIE55262712",
    "user": "d4f47129-a0fe-487c-bf65-b9a4cbe75c60",
    "shipping_address": "38208475-adab-45e2-930d-87750995a95c",
    "status": "pending",
    "subtotal": "0.01",
    "shipping_fee": "0.09",
    "total": "0.10",
    "notes": "text goes here demo",
    "estimated_delivery": "eesd",
    "created_at": "2026-05-21T17:11:30.241Z",
    "updated_at": "2026-05-21T17:11:30.241Z"
  }
},
{
  "model": "orders.order",
  "pk": "fe30ee16-1705-420b-85f7-a91d900ff375",
  "fields": {
    "order_number": "SOIE48781404",
    "user": "afa9bc81-2a06-428f-9849-ac02d7b703db",
    "shipping_address": "4f38e1a2-6cb2-4ed5-bd3e-a92f6357bfe0",
    "status": "pending",
    "subtotal": "48.00",
    "shipping_fee": "12.00",
    "total": "60.00",
    "notes": "",
    "estimated_delivery": "8ΓÇô15 business days",
    "created_at": "2026-05-22T07:57:45.573Z",
    "updated_at": "2026-05-22T07:57:45.573Z"
  }
},
{
  "model": "orders.orderitem",
  "pk": "45f75645-ebf3-43cc-86b4-8def0b820a25",
  "fields": {
    "order": "fe30ee16-1705-420b-85f7-a91d900ff375",
    "product": "e59c0c02-5b4c-4fb9-afdf-55dea1f43f5e",
    "product_name": "Japanese Virgin Hair 13x4 Transparent Lace Front Loose Wave Wig",
    "inches": 12,
    "unit_price": "48.00",
    "quantity": 1,
    "subtotal": "48.00"
  }
},
{
  "model": "orders.orderitem",
  "pk": "4e9e84c3-8a04-4d52-a158-f913cc54c0ee",
  "fields": {
    "order": "ef3a4291-7048-4a1a-904e-fb2918ccbc75",
    "product": "4d830bb4-5790-4e21-8840-0814b84842d3",
    "product_name": "13x4 Transparent Lace Front Vietnamese Virgin Hair Deep Curl Wig",
    "inches": 10,
    "unit_price": "0.01",
    "quantity": 1,
    "subtotal": "0.01"
  }
},
{
  "model": "orders.orderitem",
  "pk": "80f5e92a-c49d-4e2e-84f0-410428f8639b",
  "fields": {
    "order": "93681c2b-ca05-425b-9a9f-49c41c2a5727",
    "product": "e59c0c02-5b4c-4fb9-afdf-55dea1f43f5e",
    "product_name": "Japanese Virgin Hair 13x4 Transparent Lace Front Loose Wave Wig",
    "inches": 12,
    "unit_price": "48.00",
    "quantity": 1,
    "subtotal": "48.00"
  }
},
{
  "model": "orders.orderitem",
  "pk": "d09aded0-0fa6-49b1-b268-8491379e6923",
  "fields": {
    "order": "85f00cb2-d207-409e-8c9f-4253a0b1e9cb",
    "product": "e59c0c02-5b4c-4fb9-afdf-55dea1f43f5e",
    "product_name": "Japanese Virgin Hair 13x4 Transparent Lace Front Loose Wave Wig",
    "inches": 12,
    "unit_price": "48.00",
    "quantity": 1,
    "subtotal": "48.00"
  }
},
{
  "model": "orders.orderitem",
  "pk": "d0d657a3-87de-4d1b-bcb7-c8105d365d2e",
  "fields": {
    "order": "8cfc3914-066e-4302-9424-6a767ae02fe9",
    "product": "e59c0c02-5b4c-4fb9-afdf-55dea1f43f5e",
    "product_name": "Japanese Virgin Hair 13x4 Transparent Lace Front Loose Wave Wig",
    "inches": 12,
    "unit_price": "48.00",
    "quantity": 1,
    "subtotal": "48.00"
  }
},
{
  "model": "orders.wishlist",
  "pk": "ca47fb97-364b-47d9-8a9a-1b471d21f398",
  "fields": {
    "user": "afa9bc81-2a06-428f-9849-ac02d7b703db",
    "updated_at": "2026-05-21T14:28:56.909Z",
    "products": [
      "3dc08826-9031-4bfa-abad-37f407178593"
    ]
  }
},
{
  "model": "payments.payment",
  "pk": "828edc01-2605-421f-8112-8bbe2841bdd9",
  "fields": {
    "order": "ef3a4291-7048-4a1a-904e-fb2918ccbc75",
    "paystack_reference": "SOIE-8ED26F32AAB84A",
    "paystack_transaction_id": "6173086507",
    "amount": "0.01",
    "currency": "USD",
    "status": "success",
    "channel": "mobile_money",
    "metadata": {
      "user_id": "afa9bc81-2a06-428f-9849-ac02d7b703db",
      "order_id": "ef3a4291-7048-4a1a-904e-fb2918ccbc75",
      "usd_total": "0.01",
      "order_number": "SOIE59610284",
      "cancel_action": "http://localhost:3000/checkout",
      "currency_display": "$0.01 USD"
    },
    "paid_at": "2026-05-22T08:04:09.146Z",
    "created_at": "2026-05-22T08:03:36.516Z"
  }
},
{
  "model": "payments.payment",
  "pk": "90d272e5-76ab-4d7b-a25c-e336c74865ae",
  "fields": {
    "order": "fe30ee16-1705-420b-85f7-a91d900ff375",
    "paystack_reference": "SOIE-220AE84E29E949",
    "paystack_transaction_id": "",
    "amount": "60.00",
    "currency": "USD",
    "status": "pending",
    "channel": "",
    "metadata": {},
    "paid_at": null,
    "created_at": "2026-05-22T07:57:46.841Z"
  }
},
{
  "model": "shipping.shippingconfig",
  "pk": "9fb9218c-ae6a-4daa-9906-d8f02a13f5e3",
  "fields": {
    "name": "Standard Express Shipping",
    "fee_usd": "0.00",
    "estimated_days_min": 8,
    "estimated_days_max": 15,
    "description": "Shipped from Asia via express international courier. Typical delivery 8ΓÇô15 business days after payment confirmation.",
    "is_active": true
  }
}
]
